target,origin,year,refugees
Austria,Afghanistan,2013,11906
Azerbaijan,Afghanistan,2013,603
Belarus,Afghanistan,2013,405
Belgium,Afghanistan,2013,4328
Bulgaria,Afghanistan,2013,268
Croatia,Afghanistan,2013,20
Cyprus,Afghanistan,2013,7
Czechia,Afghanistan,2013,238
Denmark,Afghanistan,2013,2139
Estonia,Afghanistan,2013,15
Finland,Afghanistan,2013,1357
France,Afghanistan,2013,3213
Georgia,Afghanistan,2013,3
Germany,Afghanistan,2013,24203
Greece,Afghanistan,2013,632
Hungary,Afghanistan,2013,749
Iceland,Afghanistan,2013,6
Ireland,Afghanistan,2013,129
Italy,Afghanistan,2013,6657
Kazakhstan,Afghanistan,2013,537
Latvia,Afghanistan,2013,28
Lithuania,Afghanistan,2013,154
Luxembourg,Afghanistan,2013,27
Netherlands,Afghanistan,2013,6269
Norway,Afghanistan,2013,5523
Poland,Afghanistan,2013,88
Portugal,Afghanistan,2013,9
Romania,Afghanistan,2013,106
Russian Federation,Afghanistan,2013,1117
Slovakia,Afghanistan,2013,225
Spain,Afghanistan,2013,114
Sweden,Afghanistan,2013,10499
Switzerland,Afghanistan,2013,2578
Turkey,Afghanistan,2013,3926
Ukraine,Afghanistan,2013,1494
United Kingdom,Afghanistan,2013,9166
Austria,Albania,2013,125
Belgium,Albania,2013,398
Bulgaria,Albania,2013,5
Czechia,Albania,2013,17
Denmark,Albania,2013,45
Finland,Albania,2013,8
France,Albania,2013,1925
Germany,Albania,2013,296
Greece,Albania,2013,52
Hungary,Albania,2013,3
Iceland,Albania,2013,3
Ireland,Albania,2013,70
Italy,Albania,2013,199
Luxembourg,Albania,2013,65
Netherlands,Albania,2013,17
Norway,Albania,2013,43
Portugal,Albania,2013,2
Spain,Albania,2013,15
Sweden,Albania,2013,252
Switzerland,Albania,2013,42
United Kingdom,Albania,2013,1171
Austria,Algeria,2013,51
Belgium,Algeria,2013,28
Bosnia and Herzegovina,Algeria,2013,1
Bulgaria,Algeria,2013,1
Cyprus,Algeria,2013,4
Czechia,Algeria,2013,1
Denmark,Algeria,2013,9
Estonia,Algeria,2013,2
Finland,Algeria,2013,20
France,Algeria,2013,1333
Germany,Algeria,2013,307
Greece,Algeria,2013,16
Hungary,Algeria,2013,7
Ireland,Algeria,2013,194
Italy,Algeria,2013,91
Luxembourg,Algeria,2013,1
Netherlands,Algeria,2013,32
Norway,Algeria,2013,34
Poland,Algeria,2013,3
Romania,Algeria,2013,4
Slovakia,Algeria,2013,2
Spain,Algeria,2013,39
Sweden,Algeria,2013,62
Switzerland,Algeria,2013,179
Turkey,Algeria,2013,2
Ukraine,Algeria,2013,1
United Kingdom,Algeria,2013,447
Netherlands,Andorra,2013,1
Austria,Angola,2013,157
Belgium,Angola,2013,67
Czechia,Angola,2013,22
Denmark,Angola,2013,2
Finland,Angola,2013,216
France,Angola,2013,3349
Germany,Angola,2013,850
Hungary,Angola,2013,5
Ireland,Angola,2013,265
Italy,Angola,2013,47
Luxembourg,Angola,2013,14
Netherlands,Angola,2013,485
Norway,Angola,2013,146
Portugal,Angola,2013,2
Romania,Angola,2013,2
Slovakia,Angola,2013,1
Spain,Angola,2013,12
Sweden,Angola,2013,76
Switzerland,Angola,2013,1055
Ukraine,Angola,2013,30
United Kingdom,Angola,2013,601
United Kingdom,Antigua and Barbuda,2013,1
Belgium,Argentina,2013,3
France,Argentina,2013,5
Germany,Argentina,2013,16
Switzerland,Argentina,2013,1
United Kingdom,Argentina,2013,1
Austria,Armenia,2013,998
Azerbaijan,Armenia,2013,5
Belarus,Armenia,2013,6
Belgium,Armenia,2013,129
Bulgaria,Armenia,2013,28
Croatia,Armenia,2013,1
Cyprus,Armenia,2013,23
Czechia,Armenia,2013,63
Denmark,Armenia,2013,70
Estonia,Armenia,2013,2
Finland,Armenia,2013,5
France,Armenia,2013,3919
Germany,Armenia,2013,1022
Greece,Armenia,2013,5
Hungary,Armenia,2013,31
Iceland,Armenia,2013,4
Ireland,Armenia,2013,22
Italy,Armenia,2013,156
Liechtenstein,Armenia,2013,8
Lithuania,Armenia,2013,3
Luxembourg,Armenia,2013,2
Netherlands,Armenia,2013,845
Norway,Armenia,2013,22
Poland,Armenia,2013,85
Romania,Armenia,2013,1
Slovakia,Armenia,2013,10
Spain,Armenia,2013,39
Sweden,Armenia,2013,552
Switzerland,Armenia,2013,83
Ukraine,Armenia,2013,200
United Kingdom,Armenia,2013,26
Germany,Australia,2013,16
Sweden,Australia,2013,3
United Kingdom,Australia,2013,2
Belgium,Austria,2013,1
Germany,Austria,2013,2
Switzerland,Austria,2013,2
Armenia,Azerbaijan,2013,1607
Austria,Azerbaijan,2013,425
Belarus,Azerbaijan,2013,16
Belgium,Azerbaijan,2013,36
Bulgaria,Azerbaijan,2013,1
Czechia,Azerbaijan,2013,25
Denmark,Azerbaijan,2013,92
Finland,Azerbaijan,2013,39
France,Azerbaijan,2013,2709
Georgia,Azerbaijan,2013,2
Germany,Azerbaijan,2013,2082
Greece,Azerbaijan,2013,9
Hungary,Azerbaijan,2013,10
Ireland,Azerbaijan,2013,19
Italy,Azerbaijan,2013,69
Latvia,Azerbaijan,2013,5
Lithuania,Azerbaijan,2013,3
Luxembourg,Azerbaijan,2013,12
Netherlands,Azerbaijan,2013,1260
Norway,Azerbaijan,2013,50
Poland,Azerbaijan,2013,11
Russian Federation,Azerbaijan,2013,14
Spain,Azerbaijan,2013,40
Sweden,Azerbaijan,2013,889
Switzerland,Azerbaijan,2013,65
Turkey,Azerbaijan,2013,2
Ukraine,Azerbaijan,2013,184
United Kingdom,Azerbaijan,2013,86
Germany,Bahamas,2013,1
Germany,Bahrain,2013,4
Italy,Bahrain,2013,4
Sweden,Bahrain,2013,2
United Kingdom,Bahrain,2013,115
Austria,Bangladesh,2013,126
Belgium,Bangladesh,2013,12
Bulgaria,Bangladesh,2013,9
Cyprus,Bangladesh,2013,3
Czechia,Bangladesh,2013,1
Denmark,Bangladesh,2013,10
Estonia,Bangladesh,2013,1
Finland,Bangladesh,2013,23
France,Bangladesh,2013,3336
Germany,Bangladesh,2013,118
Greece,Bangladesh,2013,46
Hungary,Bangladesh,2013,5
Ireland,Bangladesh,2013,5
Italy,Bangladesh,2013,1050
Luxembourg,Bangladesh,2013,1
Malta,Bangladesh,2013,5
Netherlands,Bangladesh,2013,41
Norway,Bangladesh,2013,13
Poland,Bangladesh,2013,5
Portugal,Bangladesh,2013,2
Romania,Bangladesh,2013,2
Russian Federation,Bangladesh,2013,19
Slovakia,Bangladesh,2013,2
Spain,Bangladesh,2013,13
Sweden,Bangladesh,2013,252
Switzerland,Bangladesh,2013,48
Ukraine,Bangladesh,2013,6
United Kingdom,Bangladesh,2013,1110
Germany,Barbados,2013,1
United Kingdom,Barbados,2013,1
Austria,Belarus,2013,111
Belgium,Belarus,2013,43
Bulgaria,Belarus,2013,2
Czechia,Belarus,2013,353
Denmark,Belarus,2013,7
Estonia,Belarus,2013,7
Finland,Belarus,2013,10
France,Belarus,2013,491
Germany,Belarus,2013,155
Greece,Belarus,2013,2
Ireland,Belarus,2013,53
Italy,Belarus,2013,27
Latvia,Belarus,2013,7
Lithuania,Belarus,2013,30
Luxembourg,Belarus,2013,5
Montenegro,Belarus,2013,1
Netherlands,Belarus,2013,107
Norway,Belarus,2013,29
Poland,Belarus,2013,209
Portugal,Belarus,2013,13
Russian Federation,Belarus,2013,2
Slovakia,Belarus,2013,1
Spain,Belarus,2013,19
Sweden,Belarus,2013,175
Switzerland,Belarus,2013,28
Ukraine,Belarus,2013,21
United Kingdom,Belarus,2013,155
Germany,Belgium,2013,5
Netherlands,Belgium,2013,1
Norway,Belgium,2013,1
Sweden,Belgium,2013,13
United Kingdom,Belize,2013,2
Austria,Benin,2013,5
Belgium,Benin,2013,22
Denmark,Benin,2013,1
France,Benin,2013,22
Germany,Benin,2013,24
Ireland,Benin,2013,1
Italy,Benin,2013,54
Netherlands,Benin,2013,8
Norway,Benin,2013,2
Sweden,Benin,2013,5
Switzerland,Benin,2013,25
United Kingdom,Benin,2013,10
Austria,Bhutan,2013,2
Belgium,Bhutan,2013,2
Denmark,Bhutan,2013,4
France,Bhutan,2013,102
Germany,Bhutan,2013,31
Ireland,Bhutan,2013,1
Italy,Bhutan,2013,1
Luxembourg,Bhutan,2013,3
Netherlands,Bhutan,2013,210
Norway,Bhutan,2013,9
Poland,Bhutan,2013,1
Spain,Bhutan,2013,2
Sweden,Bhutan,2013,9
Switzerland,Bhutan,2013,1
United Kingdom,Bhutan,2013,97
Austria,Bolivia (Plurinational State of),2013,10
Belgium,Bolivia (Plurinational State of),2013,2
Finland,Bolivia (Plurinational State of),2013,2
France,Bolivia (Plurinational State of),2013,40
Germany,Bolivia (Plurinational State of),2013,7
Italy,Bolivia (Plurinational State of),2013,6
Spain,Bolivia (Plurinational State of),2013,7
Sweden,Bolivia (Plurinational State of),2013,59
Switzerland,Bolivia (Plurinational State of),2013,1
United Kingdom,Bolivia (Plurinational State of),2013,14
Austria,Bosnia and Herzegovina,2013,210
Belgium,Bosnia and Herzegovina,2013,41
Croatia,Bosnia and Herzegovina,2013,358
Cyprus,Bosnia and Herzegovina,2013,15
Czechia,Bosnia and Herzegovina,2013,11
Denmark,Bosnia and Herzegovina,2013,103
Finland,Bosnia and Herzegovina,2013,36
France,Bosnia and Herzegovina,2013,4174
Germany,Bosnia and Herzegovina,2013,1344
Ireland,Bosnia and Herzegovina,2013,14
Italy,Bosnia and Herzegovina,2013,270
Luxembourg,Bosnia and Herzegovina,2013,3
Montenegro,Bosnia and Herzegovina,2013,1048
Netherlands,Bosnia and Herzegovina,2013,192
Norway,Bosnia and Herzegovina,2013,44
Poland,Bosnia and Herzegovina,2013,1
Portugal,Bosnia and Herzegovina,2013,11
Romania,Bosnia and Herzegovina,2013,2
Serbia (and Kosovo: S/RES/1244 (1999)),Bosnia and Herzegovina,2013,15296
Spain,Bosnia and Herzegovina,2013,1
Sweden,Bosnia and Herzegovina,2013,590
Switzerland,Bosnia and Herzegovina,2013,2603
Ukraine,Bosnia and Herzegovina,2013,1
United Kingdom,Bosnia and Herzegovina,2013,51
Germany,Botswana,2013,1
Netherlands,Botswana,2013,1
United Kingdom,Botswana,2013,11
Austria,Brazil,2013,1
Finland,Brazil,2013,2
France,Brazil,2013,8
Germany,Brazil,2013,66
Ireland,Brazil,2013,5
Italy,Brazil,2013,18
Netherlands,Brazil,2013,1
Sweden,Brazil,2013,7
Switzerland,Brazil,2013,10
United Kingdom,Brazil,2013,12
Norway,Brunei Darussalam,2013,1
Austria,Bulgaria,2013,5
Belgium,Bulgaria,2013,16
Czechia,Bulgaria,2013,26
France,Bulgaria,2013,78
Germany,Bulgaria,2013,94
Ireland,Bulgaria,2013,39
Netherlands,Bulgaria,2013,3
Norway,Bulgaria,2013,11
Poland,Bulgaria,2013,2
Sweden,Bulgaria,2013,26
Switzerland,Bulgaria,2013,14
United Kingdom,Bulgaria,2013,9
Austria,Burkina Faso,2013,11
Belgium,Burkina Faso,2013,52
Cyprus,Burkina Faso,2013,2
Czechia,Burkina Faso,2013,1
Denmark,Burkina Faso,2013,1
France,Burkina Faso,2013,97
Germany,Burkina Faso,2013,38
Greece,Burkina Faso,2013,7
Ireland,Burkina Faso,2013,1
Italy,Burkina Faso,2013,501
Netherlands,Burkina Faso,2013,15
Norway,Burkina Faso,2013,3
Spain,Burkina Faso,2013,5
Sweden,Burkina Faso,2013,4
Switzerland,Burkina Faso,2013,11
Ukraine,Burkina Faso,2013,1
United Kingdom,Burkina Faso,2013,6
Austria,Burundi,2013,21
Belgium,Burundi,2013,309
Bulgaria,Burundi,2013,1
Czechia,Burundi,2013,2
Denmark,Burundi,2013,31
Finland,Burundi,2013,2
France,Burundi,2013,361
Germany,Burundi,2013,72
Greece,Burundi,2013,6
Ireland,Burundi,2013,25
Italy,Burundi,2013,11
Luxembourg,Burundi,2013,1
Netherlands,Burundi,2013,1415
Norway,Burundi,2013,343
Romania,Burundi,2013,1
Spain,Burundi,2013,3
Sweden,Burundi,2013,1069
Switzerland,Burundi,2013,72
Ukraine,Burundi,2013,7
United Kingdom,Burundi,2013,392
Armenia,Côte d'Ivoire,2013,6
Austria,Côte d'Ivoire,2013,60
Belgium,Côte d'Ivoire,2013,190
Bulgaria,Côte d'Ivoire,2013,3
Czechia,Côte d'Ivoire,2013,2
Denmark,Côte d'Ivoire,2013,10
Estonia,Côte d'Ivoire,2013,2
Finland,Côte d'Ivoire,2013,14
France,Côte d'Ivoire,2013,2410
Georgia,Côte d'Ivoire,2013,1
Germany,Côte d'Ivoire,2013,185
Greece,Côte d'Ivoire,2013,27
Hungary,Côte d'Ivoire,2013,4
Ireland,Côte d'Ivoire,2013,25
Italy,Côte d'Ivoire,2013,4159
Latvia,Côte d'Ivoire,2013,1
Lithuania,Côte d'Ivoire,2013,1
Luxembourg,Côte d'Ivoire,2013,6
Malta,Côte d'Ivoire,2013,12
Netherlands,Côte d'Ivoire,2013,656
Norway,Côte d'Ivoire,2013,38
Poland,Côte d'Ivoire,2013,1
Portugal,Côte d'Ivoire,2013,25
Romania,Côte d'Ivoire,2013,5
Slovakia,Côte d'Ivoire,2013,3
Spain,Côte d'Ivoire,2013,260
Sweden,Côte d'Ivoire,2013,72
Switzerland,Côte d'Ivoire,2013,134
Turkey,Côte d'Ivoire,2013,16
Ukraine,Côte d'Ivoire,2013,3
United Kingdom,Côte d'Ivoire,2013,422
Germany,Cabo Verde,2013,2
Italy,Cabo Verde,2013,17
Luxembourg,Cabo Verde,2013,1
Norway,Cabo Verde,2013,1
Switzerland,Cabo Verde,2013,1
United Kingdom,Cabo Verde,2013,4
Austria,Cambodia,2013,1
Azerbaijan,Cambodia,2013,1
Belgium,Cambodia,2013,5
Czechia,Cambodia,2013,2
Denmark,Cambodia,2013,1
Finland,Cambodia,2013,3
France,Cambodia,2013,12560
Germany,Cambodia,2013,26
Italy,Cambodia,2013,1
Netherlands,Cambodia,2013,31
Norway,Cambodia,2013,1
Sweden,Cambodia,2013,5
Switzerland,Cambodia,2013,364
Austria,Cameroon,2013,235
Belgium,Cameroon,2013,354
Bosnia and Herzegovina,Cameroon,2013,1
Cyprus,Cameroon,2013,11
Czechia,Cameroon,2013,6
Denmark,Cameroon,2013,6
Finland,Cameroon,2013,58
France,Cameroon,2013,790
Germany,Cameroon,2013,528
Greece,Cameroon,2013,19
Hungary,Cameroon,2013,23
Ireland,Cameroon,2013,74
Italy,Cameroon,2013,586
Lithuania,Cameroon,2013,5
Luxembourg,Cameroon,2013,3
Malta,Cameroon,2013,5
Netherlands,Cameroon,2013,162
Norway,Cameroon,2013,25
Poland,Cameroon,2013,10
Portugal,Cameroon,2013,8
Romania,Cameroon,2013,24
Slovakia,Cameroon,2013,3
Spain,Cameroon,2013,23
Sweden,Cameroon,2013,126
Switzerland,Cameroon,2013,194
Turkey,Cameroon,2013,7
Ukraine,Cameroon,2013,1
United Kingdom,Cameroon,2013,591
Austria,Canada,2013,1
Germany,Canada,2013,34
Greece,Canada,2013,2
Italy,Canada,2013,1
Switzerland,Canada,2013,1
United Kingdom,Canada,2013,6
Belgium,Central African Rep.,2013,10
France,Central African Rep.,2013,605
Greece,Central African Rep.,2013,16
Ireland,Central African Rep.,2013,9
Italy,Central African Rep.,2013,15
Netherlands,Central African Rep.,2013,6
Norway,Central African Rep.,2013,1
Portugal,Central African Rep.,2013,2
Romania,Central African Rep.,2013,1
Spain,Central African Rep.,2013,1
Switzerland,Central African Rep.,2013,5
Turkey,Central African Rep.,2013,1
United Kingdom,Central African Rep.,2013,6
Austria,Chad,2013,1
Belgium,Chad,2013,39
Czechia,Chad,2013,1
Denmark,Chad,2013,1
Finland,Chad,2013,1
France,Chad,2013,1172
Germany,Chad,2013,18
Ireland,Chad,2013,2
Italy,Chad,2013,302
Luxembourg,Chad,2013,2
Malta,Chad,2013,4
Netherlands,Chad,2013,12
Norway,Chad,2013,4
Sweden,Chad,2013,4
Switzerland,Chad,2013,49
Turkey,Chad,2013,1
Ukraine,Chad,2013,7
United Kingdom,Chad,2013,39
Belgium,Chile,2013,20
France,Chile,2013,74
Germany,Chile,2013,196
Greece,Chile,2013,1
Italy,Chile,2013,4
Netherlands,Chile,2013,2
Sweden,Chile,2013,30
Switzerland,Chile,2013,11
United Kingdom,Chile,2013,1
Albania,China,2013,12
Austria,China,2013,388
Belgium,China,2013,958
Cyprus,China,2013,3
Czechia,China,2013,8
Denmark,China,2013,32
Finland,China,2013,95
France,China,2013,1904
Germany,China,2013,1490
Greece,China,2013,12
Hungary,China,2013,5
Iceland,China,2013,1
Ireland,China,2013,53
Italy,China,2013,80
Kazakhstan,China,2013,16
Liechtenstein,China,2013,7
Luxembourg,China,2013,2
Malta,China,2013,3
Netherlands,China,2013,1217
Norway,China,2013,676
Poland,China,2013,11
Romania,China,2013,2
Russian Federation,China,2013,11
Slovakia,China,2013,5
Spain,China,2013,9
Sweden,China,2013,264
Switzerland,China,2013,1684
Turkey,China,2013,16
Ukraine,China,2013,3
United Kingdom,China,2013,1966
Austria,Colombia,2013,19
Belgium,Colombia,2013,28
Finland,Colombia,2013,1
France,Colombia,2013,480
Germany,Colombia,2013,70
Hungary,Colombia,2013,1
Italy,Colombia,2013,407
Latvia,Colombia,2013,1
Netherlands,Colombia,2013,281
Norway,Colombia,2013,24
Portugal,Colombia,2013,77
Romania,Colombia,2013,1
Spain,Colombia,2013,497
Sweden,Colombia,2013,55
Switzerland,Colombia,2013,308
United Kingdom,Colombia,2013,162
Cyprus,Comoros,2013,1
France,Comoros,2013,474
Germany,Comoros,2013,1
Greece,Comoros,2013,1
Portugal,Comoros,2013,18
Sweden,Comoros,2013,4
United Kingdom,Comoros,2013,2
Austria,Congo,2013,122
Belgium,Congo,2013,27
Bulgaria,Congo,2013,6
Croatia,Congo,2013,3
Czechia,Congo,2013,4
Denmark,Congo,2013,4
Finland,Congo,2013,12
France,Congo,2013,3371
Germany,Congo,2013,194
Greece,Congo,2013,10
Hungary,Congo,2013,8
Ireland,Congo,2013,232
Italy,Congo,2013,529
Luxembourg,Congo,2013,5
Netherlands,Congo,2013,707
Norway,Congo,2013,24
Poland,Congo,2013,10
Portugal,Congo,2013,1
Romania,Congo,2013,14
Russian Federation,Congo,2013,2
Slovakia,Congo,2013,5
Spain,Congo,2013,12
Sweden,Congo,2013,66
Switzerland,Congo,2013,76
Turkey,Congo,2013,2
Ukraine,Congo,2013,21
United Kingdom,Congo,2013,290
United Kingdom,Cook Islands,2013,1
Germany,Costa Rica,2013,3
Luxembourg,Costa Rica,2013,1
Austria,Croatia,2013,9
Belgium,Croatia,2013,7
Bosnia and Herzegovina,Croatia,2013,6709
Cyprus,Croatia,2013,1
Czechia,Croatia,2013,1
Finland,Croatia,2013,10
France,Croatia,2013,77
Germany,Croatia,2013,359
Hungary,Croatia,2013,7
Ireland,Croatia,2013,77
Italy,Croatia,2013,18
Luxembourg,Croatia,2013,1
Montenegro,Croatia,2013,456
Netherlands,Croatia,2013,20
Norway,Croatia,2013,9
Serbia (and Kosovo: S/RES/1244 (1999)),Croatia,2013,41762
Sweden,Croatia,2013,25
Switzerland,Croatia,2013,46
United Kingdom,Croatia,2013,15
Austria,Cuba,2013,24
Belgium,Cuba,2013,2
Bulgaria,Cuba,2013,5
Cyprus,Cuba,2013,1
Czechia,Cuba,2013,131
Finland,Cuba,2013,6
France,Cuba,2013,138
Georgia,Cuba,2013,1
Germany,Cuba,2013,126
Hungary,Cuba,2013,35
Ireland,Cuba,2013,22
Italy,Cuba,2013,123
Latvia,Cuba,2013,2
Lithuania,Cuba,2013,3
Netherlands,Cuba,2013,16
Norway,Cuba,2013,7
Poland,Cuba,2013,9
Portugal,Cuba,2013,10
Romania,Cuba,2013,3
Serbia (and Kosovo: S/RES/1244 (1999)),Cuba,2013,1
Slovakia,Cuba,2013,32
Spain,Cuba,2013,957
Sweden,Cuba,2013,89
Switzerland,Cuba,2013,38
Turkey,Cuba,2013,1
United Kingdom,Cuba,2013,15
United Kingdom,Cyprus,2013,3
Austria,Czechia,2013,1
Belgium,Czechia,2013,2
France,Czechia,2013,29
Germany,Czechia,2013,510
Ireland,Czechia,2013,102
Sweden,Czechia,2013,2
Switzerland,Czechia,2013,8
United Kingdom,Czechia,2013,4
Belgium,Dem. People's Rep. of Korea,2013,68
Denmark,Dem. People's Rep. of Korea,2013,9
Germany,Dem. People's Rep. of Korea,2013,112
Ireland,Dem. People's Rep. of Korea,2013,1
Luxembourg,Dem. People's Rep. of Korea,2013,5
Netherlands,Dem. People's Rep. of Korea,2013,58
Norway,Dem. People's Rep. of Korea,2013,14
Poland,Dem. People's Rep. of Korea,2013,1
Russian Federation,Dem. People's Rep. of Korea,2013,74
Spain,Dem. People's Rep. of Korea,2013,1
Sweden,Dem. People's Rep. of Korea,2013,8
Switzerland,Dem. People's Rep. of Korea,2013,2
United Kingdom,Dem. People's Rep. of Korea,2013,630
Albania,Dem. Rep. of the Congo,2013,5
Austria,Dem. Rep. of the Congo,2013,448
Azerbaijan,Dem. Rep. of the Congo,2013,1
Belgium,Dem. Rep. of the Congo,2013,916
Bulgaria,Dem. Rep. of the Congo,2013,2
Cyprus,Dem. Rep. of the Congo,2013,12
Czechia,Dem. Rep. of the Congo,2013,40
Denmark,Dem. Rep. of the Congo,2013,80
Finland,Dem. Rep. of the Congo,2013,196
France,Dem. Rep. of the Congo,2013,13513
Germany,Dem. Rep. of the Congo,2013,1672
Greece,Dem. Rep. of the Congo,2013,31
Hungary,Dem. Rep. of the Congo,2013,12
Ireland,Dem. Rep. of the Congo,2013,260
Italy,Dem. Rep. of the Congo,2013,399
Latvia,Dem. Rep. of the Congo,2013,1
Lithuania,Dem. Rep. of the Congo,2013,1
Luxembourg,Dem. Rep. of the Congo,2013,26
Malta,Dem. Rep. of the Congo,2013,2
Netherlands,Dem. Rep. of the Congo,2013,798
Norway,Dem. Rep. of the Congo,2013,340
Poland,Dem. Rep. of the Congo,2013,2
Portugal,Dem. Rep. of the Congo,2013,53
Romania,Dem. Rep. of the Congo,2013,12
Russian Federation,Dem. Rep. of the Congo,2013,10
Slovakia,Dem. Rep. of the Congo,2013,9
Spain,Dem. Rep. of the Congo,2013,89
Sweden,Dem. Rep. of the Congo,2013,320
Switzerland,Dem. Rep. of the Congo,2013,1287
Turkey,Dem. Rep. of the Congo,2013,45
Ukraine,Dem. Rep. of the Congo,2013,65
United Kingdom,Dem. Rep. of the Congo,2013,2409
Belgium,Denmark,2013,1
Sweden,Denmark,2013,1
Belgium,Djibouti,2013,113
Czechia,Djibouti,2013,2
Denmark,Djibouti,2013,1
Finland,Djibouti,2013,1
France,Djibouti,2013,122
Germany,Djibouti,2013,2
Italy,Djibouti,2013,1
Netherlands,Djibouti,2013,8
Norway,Djibouti,2013,2
Poland,Djibouti,2013,1
Sweden,Djibouti,2013,6
Switzerland,Djibouti,2013,4
United Kingdom,Djibouti,2013,2
United Kingdom,Dominica,2013,2
France,Dominican Rep.,2013,17
Germany,Dominican Rep.,2013,19
Italy,Dominican Rep.,2013,2
Sweden,Dominican Rep.,2013,1
Switzerland,Dominican Rep.,2013,1
Czechia,Ecuador,2013,4
Finland,Ecuador,2013,3
France,Ecuador,2013,31
Germany,Ecuador,2013,22
Ireland,Ecuador,2013,1
Italy,Ecuador,2013,11
Netherlands,Ecuador,2013,10
Norway,Ecuador,2013,3
Romania,Ecuador,2013,2
Spain,Ecuador,2013,4
Sweden,Ecuador,2013,24
Switzerland,Ecuador,2013,14
United Kingdom,Ecuador,2013,34
Albania,Egypt,2013,3
Austria,Egypt,2013,96
Belarus,Egypt,2013,6
Belgium,Egypt,2013,19
Bulgaria,Egypt,2013,15
Cyprus,Egypt,2013,75
Czechia,Egypt,2013,3
Finland,Egypt,2013,1
France,Egypt,2013,422
Georgia,Egypt,2013,4
Germany,Egypt,2013,266
Greece,Egypt,2013,31
Hungary,Egypt,2013,5
Ireland,Egypt,2013,38
Italy,Egypt,2013,581
Kazakhstan,Egypt,2013,1
Latvia,Egypt,2013,3
Malta,Egypt,2013,13
Netherlands,Egypt,2013,158
Norway,Egypt,2013,24
Poland,Egypt,2013,20
Romania,Egypt,2013,16
Russian Federation,Egypt,2013,10
Slovakia,Egypt,2013,2
Spain,Egypt,2013,13
Sweden,Egypt,2013,173
Switzerland,Egypt,2013,56
Turkey,Egypt,2013,17
Ukraine,Egypt,2013,3
United Kingdom,Egypt,2013,289
Belgium,El Salvador,2013,13
France,El Salvador,2013,20
Germany,El Salvador,2013,7
Greece,El Salvador,2013,1
Italy,El Salvador,2013,73
Netherlands,El Salvador,2013,2
Norway,El Salvador,2013,2
Spain,El Salvador,2013,3
Sweden,El Salvador,2013,41
United Kingdom,El Salvador,2013,4
Austria,Equatorial Guinea,2013,1
Belgium,Equatorial Guinea,2013,5
France,Equatorial Guinea,2013,33
Germany,Equatorial Guinea,2013,15
Italy,Equatorial Guinea,2013,6
Norway,Equatorial Guinea,2013,1
Spain,Equatorial Guinea,2013,93
Sweden,Equatorial Guinea,2013,2
Austria,Eritrea,2013,101
Belgium,Eritrea,2013,105
Bosnia and Herzegovina,Eritrea,2013,3
Bulgaria,Eritrea,2013,4
Croatia,Eritrea,2013,2
Cyprus,Eritrea,2013,4
Czechia,Eritrea,2013,12
Denmark,Eritrea,2013,108
Finland,Eritrea,2013,23
France,Eritrea,2013,1508
Germany,Eritrea,2013,3984
Greece,Eritrea,2013,50
Hungary,Eritrea,2013,6
Iceland,Eritrea,2013,5
Ireland,Eritrea,2013,39
Italy,Eritrea,2013,12666
Liechtenstein,Eritrea,2013,14
Lithuania,Eritrea,2013,10
Luxembourg,Eritrea,2013,10
Malta,Eritrea,2013,2212
Netherlands,Eritrea,2013,2807
Norway,Eritrea,2013,9344
Poland,Eritrea,2013,15
Portugal,Eritrea,2013,22
Romania,Eritrea,2013,10
Russian Federation,Eritrea,2013,2
Slovakia,Eritrea,2013,13
Spain,Eritrea,2013,41
Sweden,Eritrea,2013,8954
Switzerland,Eritrea,2013,13106
Turkey,Eritrea,2013,47
Ukraine,Eritrea,2013,14
United Kingdom,Eritrea,2013,10010
Austria,Estonia,2013,3
France,Estonia,2013,8
Germany,Estonia,2013,2
Ireland,Estonia,2013,7
Russian Federation,Estonia,2013,1
Sweden,Estonia,2013,5
Armenia,Ethiopia,2013,1
Austria,Ethiopia,2013,136
Belarus,Ethiopia,2013,8
Belgium,Ethiopia,2013,82
Bulgaria,Ethiopia,2013,7
Cyprus,Ethiopia,2013,4
Czechia,Ethiopia,2013,9
Denmark,Ethiopia,2013,18
Finland,Ethiopia,2013,82
France,Ethiopia,2013,598
Germany,Ethiopia,2013,2639
Greece,Ethiopia,2013,72
Hungary,Ethiopia,2013,25
Ireland,Ethiopia,2013,29
Italy,Ethiopia,2013,2291
Kazakhstan,Ethiopia,2013,1
Liechtenstein,Ethiopia,2013,1
Lithuania,Ethiopia,2013,3
Luxembourg,Ethiopia,2013,25
Malta,Ethiopia,2013,92
Netherlands,Ethiopia,2013,756
Norway,Ethiopia,2013,1774
Poland,Ethiopia,2013,4
Portugal,Ethiopia,2013,3
Romania,Ethiopia,2013,2
Spain,Ethiopia,2013,75
Sweden,Ethiopia,2013,598
Switzerland,Ethiopia,2013,657
Turkey,Ethiopia,2013,93
Ukraine,Ethiopia,2013,16
United Kingdom,Ethiopia,2013,1122
Norway,Fiji,2013,1
United Kingdom,Fiji,2013,8
Belgium,France,2013,1
Germany,France,2013,15
Netherlands,France,2013,1
Sweden,France,2013,2
Switzerland,France,2013,2
United Kingdom,France,2013,1
Belgium,Gabon,2013,10
France,Gabon,2013,32
Germany,Gabon,2013,2
Italy,Gabon,2013,10
Netherlands,Gabon,2013,3
Spain,Gabon,2013,3
Switzerland,Gabon,2013,5
Austria,Gambia,2013,101
Belgium,Gambia,2013,19
Czechia,Gambia,2013,2
Finland,Gambia,2013,18
France,Gambia,2013,140
Germany,Gambia,2013,126
Greece,Gambia,2013,1
Ireland,Gambia,2013,2
Italy,Gambia,2013,642
Luxembourg,Gambia,2013,2
Netherlands,Gambia,2013,27
Norway,Gambia,2013,12
Portugal,Gambia,2013,4
Romania,Gambia,2013,2
Spain,Gambia,2013,8
Sweden,Gambia,2013,78
Switzerland,Gambia,2013,35
United Kingdom,Gambia,2013,937
Armenia,Georgia,2013,8
Austria,Georgia,2013,788
Belarus,Georgia,2013,90
Belgium,Georgia,2013,33
Bulgaria,Georgia,2013,6
Croatia,Georgia,2013,4
Cyprus,Georgia,2013,85
Czechia,Georgia,2013,39
Denmark,Georgia,2013,21
Estonia,Georgia,2013,3
Finland,Georgia,2013,4
France,Georgia,2013,2571
Germany,Georgia,2013,333
Greece,Georgia,2013,84
Hungary,Georgia,2013,45
Ireland,Georgia,2013,72
Italy,Georgia,2013,109
Lithuania,Georgia,2013,3
Malta,Georgia,2013,3
Netherlands,Georgia,2013,111
Norway,Georgia,2013,10
Poland,Georgia,2013,71
Portugal,Georgia,2013,3
Romania,Georgia,2013,3
Russian Federation,Georgia,2013,762
Spain,Georgia,2013,17
Sweden,Georgia,2013,158
Switzerland,Georgia,2013,83
Ukraine,Georgia,2013,63
United Kingdom,Georgia,2013,56
Belgium,Germany,2013,1
France,Germany,2013,9
Netherlands,Germany,2013,1
Norway,Germany,2013,1
Sweden,Germany,2013,6
Switzerland,Germany,2013,2
United Kingdom,Germany,2013,1
Austria,Ghana,2013,39
Belgium,Ghana,2013,18
Cyprus,Ghana,2013,1
Czechia,Ghana,2013,11
Denmark,Ghana,2013,2
Finland,Ghana,2013,41
France,Ghana,2013,544
Germany,Ghana,2013,236
Greece,Ghana,2013,20
Hungary,Ghana,2013,2
Ireland,Ghana,2013,25
Italy,Ghana,2013,1441
Latvia,Ghana,2013,2
Malta,Ghana,2013,1
Netherlands,Ghana,2013,3
Norway,Ghana,2013,4
Portugal,Ghana,2013,2
Spain,Ghana,2013,1
Sweden,Ghana,2013,33
Switzerland,Ghana,2013,8
United Kingdom,Ghana,2013,191
Germany,Greece,2013,46
Netherlands,Greece,2013,1
United Kingdom,Grenada,2013,6
Austria,Guatemala,2013,6
Belgium,Guatemala,2013,7
Denmark,Guatemala,2013,2
Finland,Guatemala,2013,4
France,Guatemala,2013,16
Germany,Guatemala,2013,3
Italy,Guatemala,2013,3
Norway,Guatemala,2013,8
Spain,Guatemala,2013,9
Sweden,Guatemala,2013,6
United Kingdom,Guatemala,2013,3
Austria,Guinea,2013,86
Belgium,Guinea,2013,2290
Bulgaria,Guinea,2013,1
Cyprus,Guinea,2013,1
Czechia,Guinea,2013,5
Denmark,Guinea,2013,3
Finland,Guinea,2013,23
France,Guinea,2013,4668
Germany,Guinea,2013,472
Greece,Guinea,2013,15
Hungary,Guinea,2013,6
Ireland,Guinea,2013,17
Italy,Guinea,2013,778
Luxembourg,Guinea,2013,14
Netherlands,Guinea,2013,806
Norway,Guinea,2013,60
Portugal,Guinea,2013,73
Romania,Guinea,2013,8
Russian Federation,Guinea,2013,1
Spain,Guinea,2013,5
Sweden,Guinea,2013,73
Switzerland,Guinea,2013,101
Turkey,Guinea,2013,6
Ukraine,Guinea,2013,4
United Kingdom,Guinea,2013,397
Austria,Guinea-Bissau,2013,4
Belgium,Guinea-Bissau,2013,7
Denmark,Guinea-Bissau,2013,3
Finland,Guinea-Bissau,2013,1
France,Guinea-Bissau,2013,941
Germany,Guinea-Bissau,2013,17
Italy,Guinea-Bissau,2013,80
Netherlands,Guinea-Bissau,2013,5
Norway,Guinea-Bissau,2013,3
Poland,Guinea-Bissau,2013,1
Portugal,Guinea-Bissau,2013,12
Sweden,Guinea-Bissau,2013,6
Switzerland,Guinea-Bissau,2013,33
Ukraine,Guinea-Bissau,2013,1
United Kingdom,Guinea-Bissau,2013,9
France,Guyana,2013,5
United Kingdom,Guyana,2013,14
Belgium,Haiti,2013,2
France,Haiti,2013,3741
Germany,Haiti,2013,15
Italy,Haiti,2013,8
Netherlands,Haiti,2013,2
Norway,Haiti,2013,2
Spain,Haiti,2013,21
Sweden,Haiti,2013,1
Switzerland,Haiti,2013,2
United Kingdom,Haiti,2013,1
Finland,Honduras,2013,4
Germany,Honduras,2013,8
Greece,Honduras,2013,1
Italy,Honduras,2013,7
Netherlands,Honduras,2013,6
Spain,Honduras,2013,20
Sweden,Honduras,2013,11
United Kingdom,Honduras,2013,17
United Kingdom,"Hong Kong SAR, China",2013,1
Belgium,Hungary,2013,21
France,Hungary,2013,64
Germany,Hungary,2013,308
Ireland,Hungary,2013,4
Norway,Hungary,2013,4
Sweden,Hungary,2013,1
Switzerland,Hungary,2013,10
Austria,India,2013,53
Belgium,India,2013,9
Bulgaria,India,2013,2
Cyprus,India,2013,3
Czechia,India,2013,2
Denmark,India,2013,17
Finland,India,2013,11
France,India,2013,197
Germany,India,2013,401
Greece,India,2013,4
Hungary,India,2013,3
Iceland,India,2013,1
Ireland,India,2013,4
Italy,India,2013,95
Malta,India,2013,1
Netherlands,India,2013,8
Norway,India,2013,12
Poland,India,2013,6
Portugal,India,2013,4
Romania,India,2013,1
Spain,India,2013,4
Sweden,India,2013,56
Switzerland,India,2013,43
Ukraine,India,2013,2
United Kingdom,India,2013,282
Cyprus,Indonesia,2013,1
Denmark,Indonesia,2013,1
France,Indonesia,2013,6
Germany,Indonesia,2013,28
Greece,Indonesia,2013,2
Ireland,Indonesia,2013,1
Netherlands,Indonesia,2013,24
Norway,Indonesia,2013,2
Sweden,Indonesia,2013,6
United Kingdom,Indonesia,2013,11
Albania,Iraq,2013,5
Armenia,Iraq,2013,967
Austria,Iraq,2013,2966
Azerbaijan,Iraq,2013,9
Belarus,Iraq,2013,1
Belgium,Iraq,2013,3058
Bosnia and Herzegovina,Iraq,2013,1
Bulgaria,Iraq,2013,1200
Croatia,Iraq,2013,5
Cyprus,Iraq,2013,648
Czechia,Iraq,2013,162
Denmark,Iraq,2013,1034
Estonia,Iraq,2013,1
Finland,Iraq,2013,3448
France,Iraq,2013,2677
Georgia,Iraq,2013,45
Germany,Iraq,2013,40230
Greece,Iraq,2013,1019
Hungary,Iraq,2013,223
Iceland,Iraq,2013,2
Ireland,Iraq,2013,380
Italy,Iraq,2013,2294
Latvia,Iraq,2013,5
Liechtenstein,Iraq,2013,3
Lithuania,Iraq,2013,18
Luxembourg,Iraq,2013,167
Malta,Iraq,2013,23
Montenegro,Iraq,2013,1
Netherlands,Iraq,2013,15533
Norway,Iraq,2013,5679
Poland,Iraq,2013,141
Portugal,Iraq,2013,6
Romania,Iraq,2013,293
Russian Federation,Iraq,2013,16
Serbia (and Kosovo: S/RES/1244 (1999)),Iraq,2013,16
Slovakia,Iraq,2013,96
Spain,Iraq,2013,245
Sweden,Iraq,2013,24006
Switzerland,Iraq,2013,3883
Turkey,Iraq,2013,13467
Ukraine,Iraq,2013,77
United Kingdom,Iraq,2013,3193
United Kingdom,Ireland,2013,1
Armenia,Islamic Rep. of Iran,2013,27
Austria,Islamic Rep. of Iran,2013,3188
Azerbaijan,Islamic Rep. of Iran,2013,77
Belarus,Islamic Rep. of Iran,2013,16
Belgium,Islamic Rep. of Iran,2013,486
Bulgaria,Islamic Rep. of Iran,2013,70
Cyprus,Islamic Rep. of Iran,2013,457
Czechia,Islamic Rep. of Iran,2013,37
Denmark,Islamic Rep. of Iran,2013,1842
Finland,Islamic Rep. of Iran,2013,509
France,Islamic Rep. of Iran,2013,2311
Germany,Islamic Rep. of Iran,2013,17150
Greece,Islamic Rep. of Iran,2013,321
Hungary,Islamic Rep. of Iran,2013,69
Iceland,Islamic Rep. of Iran,2013,14
Ireland,Islamic Rep. of Iran,2013,118
Italy,Islamic Rep. of Iran,2013,1127
Latvia,Islamic Rep. of Iran,2013,19
Liechtenstein,Islamic Rep. of Iran,2013,2
Lithuania,Islamic Rep. of Iran,2013,6
Luxembourg,Islamic Rep. of Iran,2013,130
Malta,Islamic Rep. of Iran,2013,3
Netherlands,Islamic Rep. of Iran,2013,4148
Norway,Islamic Rep. of Iran,2013,1478
Poland,Islamic Rep. of Iran,2013,17
Portugal,Islamic Rep. of Iran,2013,13
Romania,Islamic Rep. of Iran,2013,74
Russian Federation,Islamic Rep. of Iran,2013,6
Slovakia,Islamic Rep. of Iran,2013,35
Spain,Islamic Rep. of Iran,2013,56
Sweden,Islamic Rep. of Iran,2013,3763
Switzerland,Islamic Rep. of Iran,2013,1355
Turkey,Islamic Rep. of Iran,2013,3321
Ukraine,Islamic Rep. of Iran,2013,59
United Kingdom,Islamic Rep. of Iran,2013,11368
Austria,Israel,2013,2
Belgium,Israel,2013,7
Czechia,Israel,2013,1
Finland,Israel,2013,2
Germany,Israel,2013,43
Greece,Israel,2013,2
Italy,Israel,2013,1
Lithuania,Israel,2013,2
Netherlands,Israel,2013,2
Norway,Israel,2013,14
Spain,Israel,2013,1
Sweden,Israel,2013,32
Switzerland,Israel,2013,2
United Kingdom,Israel,2013,12
Belgium,Italy,2013,1
Germany,Italy,2013,10
Sweden,Italy,2013,3
Switzerland,Italy,2013,7
France,Jamaica,2013,8
Germany,Jamaica,2013,3
Ireland,Jamaica,2013,3
Italy,Jamaica,2013,1
Netherlands,Jamaica,2013,64
United Kingdom,Jamaica,2013,411
Germany,Japan,2013,112
Netherlands,Japan,2013,1
United Kingdom,Japan,2013,1
Austria,Jordan,2013,13
Belgium,Jordan,2013,27
Bulgaria,Jordan,2013,3
Cyprus,Jordan,2013,16
Czechia,Jordan,2013,1
Denmark,Jordan,2013,6
Finland,Jordan,2013,5
France,Jordan,2013,11
Germany,Jordan,2013,99
Greece,Jordan,2013,2
Hungary,Jordan,2013,2
Ireland,Jordan,2013,8
Italy,Jordan,2013,10
Netherlands,Jordan,2013,9
Norway,Jordan,2013,15
Poland,Jordan,2013,1
Romania,Jordan,2013,7
Slovakia,Jordan,2013,1
Spain,Jordan,2013,23
Sweden,Jordan,2013,326
Switzerland,Jordan,2013,29
Turkey,Jordan,2013,18
Ukraine,Jordan,2013,3
United Kingdom,Jordan,2013,30
Armenia,Kazakhstan,2013,1
Austria,Kazakhstan,2013,49
Belgium,Kazakhstan,2013,33
Croatia,Kazakhstan,2013,4
Czechia,Kazakhstan,2013,193
Denmark,Kazakhstan,2013,2
Finland,Kazakhstan,2013,7
France,Kazakhstan,2013,444
Germany,Kazakhstan,2013,84
Hungary,Kazakhstan,2013,1
Ireland,Kazakhstan,2013,46
Italy,Kazakhstan,2013,2
Luxembourg,Kazakhstan,2013,1
Malta,Kazakhstan,2013,1
Netherlands,Kazakhstan,2013,97
Norway,Kazakhstan,2013,25
Poland,Kazakhstan,2013,16
Russian Federation,Kazakhstan,2013,4
Spain,Kazakhstan,2013,9
Sweden,Kazakhstan,2013,320
Switzerland,Kazakhstan,2013,16
Ukraine,Kazakhstan,2013,8
United Kingdom,Kazakhstan,2013,6
Austria,Kenya,2013,27
Belgium,Kenya,2013,29
Denmark,Kenya,2013,7
Finland,Kenya,2013,7
France,Kenya,2013,58
Germany,Kenya,2013,158
Greece,Kenya,2013,6
Hungary,Kenya,2013,1
Iceland,Kenya,2013,4
Ireland,Kenya,2013,52
Italy,Kenya,2013,90
Latvia,Kenya,2013,2
Netherlands,Kenya,2013,34
Norway,Kenya,2013,15
Poland,Kenya,2013,5
Portugal,Kenya,2013,6
Romania,Kenya,2013,2
Sweden,Kenya,2013,78
Switzerland,Kenya,2013,46
United Kingdom,Kenya,2013,336
Sweden,Kiribati,2013,16
Austria,Kuwait,2013,2
Belgium,Kuwait,2013,4
Denmark,Kuwait,2013,1
France,Kuwait,2013,6
Germany,Kuwait,2013,4
Hungary,Kuwait,2013,1
Ireland,Kuwait,2013,28
Italy,Kuwait,2013,3
Netherlands,Kuwait,2013,9
Norway,Kuwait,2013,8
Slovakia,Kuwait,2013,1
Sweden,Kuwait,2013,20
United Kingdom,Kuwait,2013,645
Austria,Kyrgyzstan,2013,272
Belgium,Kyrgyzstan,2013,56
Cyprus,Kyrgyzstan,2013,3
Czechia,Kyrgyzstan,2013,32
Denmark,Kyrgyzstan,2013,5
Finland,Kyrgyzstan,2013,21
France,Kyrgyzstan,2013,252
Germany,Kyrgyzstan,2013,60
Greece,Kyrgyzstan,2013,1
Ireland,Kyrgyzstan,2013,8
Italy,Kyrgyzstan,2013,5
Latvia,Kyrgyzstan,2013,5
Luxembourg,Kyrgyzstan,2013,2
Netherlands,Kyrgyzstan,2013,62
Norway,Kyrgyzstan,2013,37
Poland,Kyrgyzstan,2013,33
Russian Federation,Kyrgyzstan,2013,35
Spain,Kyrgyzstan,2013,4
Sweden,Kyrgyzstan,2013,229
Switzerland,Kyrgyzstan,2013,25
Turkey,Kyrgyzstan,2013,211
Ukraine,Kyrgyzstan,2013,8
United Kingdom,Kyrgyzstan,2013,23
Austria,Lao People's Dem. Rep.,2013,1
Belgium,Lao People's Dem. Rep.,2013,7
France,Lao People's Dem. Rep.,2013,7261
Germany,Lao People's Dem. Rep.,2013,55
Netherlands,Lao People's Dem. Rep.,2013,33
Poland,Lao People's Dem. Rep.,2013,1
Sweden,Lao People's Dem. Rep.,2013,1
Switzerland,Lao People's Dem. Rep.,2013,149
United Kingdom,Lao People's Dem. Rep.,2013,1
Austria,Latvia,2013,2
Belgium,Latvia,2013,1
Finland,Latvia,2013,7
France,Latvia,2013,42
Germany,Latvia,2013,12
Ireland,Latvia,2013,6
Netherlands,Latvia,2013,3
Russian Federation,Latvia,2013,2
Sweden,Latvia,2013,8
Switzerland,Latvia,2013,2
Armenia,Lebanon,2013,17
Austria,Lebanon,2013,50
Belgium,Lebanon,2013,66
Bulgaria,Lebanon,2013,12
Cyprus,Lebanon,2013,32
Denmark,Lebanon,2013,35
Finland,Lebanon,2013,12
France,Lebanon,2013,105
Germany,Lebanon,2013,449
Greece,Lebanon,2013,5
Hungary,Lebanon,2013,11
Ireland,Lebanon,2013,15
Italy,Lebanon,2013,279
Luxembourg,Lebanon,2013,2
Netherlands,Lebanon,2013,41
Norway,Lebanon,2013,44
Poland,Lebanon,2013,3
Romania,Lebanon,2013,5
Russian Federation,Lebanon,2013,7
Spain,Lebanon,2013,1
Sweden,Lebanon,2013,453
Switzerland,Lebanon,2013,35
Turkey,Lebanon,2013,4
Ukraine,Lebanon,2013,6
United Kingdom,Lebanon,2013,102
Ireland,Lesotho,2013,1
Italy,Lesotho,2013,1
United Kingdom,Lesotho,2013,1
Austria,Liberia,2013,26
Belarus,Liberia,2013,1
Belgium,Liberia,2013,17
Bulgaria,Liberia,2013,1
Cyprus,Liberia,2013,1
Czechia,Liberia,2013,3
Finland,Liberia,2013,4
France,Liberia,2013,228
Germany,Liberia,2013,68
Hungary,Liberia,2013,2
Ireland,Liberia,2013,26
Italy,Liberia,2013,1367
Netherlands,Liberia,2013,398
Norway,Liberia,2013,62
Poland,Liberia,2013,1
Portugal,Liberia,2013,3
Romania,Liberia,2013,2
Russian Federation,Liberia,2013,1
Spain,Liberia,2013,14
Sweden,Liberia,2013,22
Switzerland,Liberia,2013,50
Turkey,Liberia,2013,5
Ukraine,Liberia,2013,3
United Kingdom,Liberia,2013,106
Austria,Libya,2013,6
Belarus,Libya,2013,1
Belgium,Libya,2013,4
Bulgaria,Libya,2013,1
Cyprus,Libya,2013,1
Czechia,Libya,2013,7
Denmark,Libya,2013,19
Finland,Libya,2013,11
France,Libya,2013,42
Germany,Libya,2013,141
Greece,Libya,2013,10
Hungary,Libya,2013,2
Iceland,Libya,2013,1
Ireland,Libya,2013,174
Italy,Libya,2013,191
Luxembourg,Libya,2013,2
Malta,Libya,2013,180
Netherlands,Libya,2013,325
Norway,Libya,2013,38
Poland,Libya,2013,6
Portugal,Libya,2013,5
Romania,Libya,2013,1
Serbia (and Kosovo: S/RES/1244 (1999)),Libya,2013,2
Slovakia,Libya,2013,1
Spain,Libya,2013,3
Sweden,Libya,2013,380
Switzerland,Libya,2013,199
Ukraine,Libya,2013,2
United Kingdom,Libya,2013,828
Belgium,Lithuania,2013,3
France,Lithuania,2013,13
Germany,Lithuania,2013,7
Ireland,Lithuania,2013,14
Norway,Lithuania,2013,1
Sweden,Lithuania,2013,7
United Kingdom,Lithuania,2013,1
Germany,Luxembourg,2013,1
Austria,Madagascar,2013,5
Belgium,Madagascar,2013,3
France,Madagascar,2013,236
Germany,Madagascar,2013,4
Greece,Madagascar,2013,1
Italy,Madagascar,2013,6
Switzerland,Madagascar,2013,4
Ukraine,Madagascar,2013,2
Finland,Malawi,2013,4
Germany,Malawi,2013,2
Ireland,Malawi,2013,17
Italy,Malawi,2013,1
Netherlands,Malawi,2013,3
United Kingdom,Malawi,2013,217
Belgium,Malaysia,2013,1
France,Malaysia,2013,6
Germany,Malaysia,2013,11
Ireland,Malaysia,2013,1
Netherlands,Malaysia,2013,7
Norway,Malaysia,2013,1
Sweden,Malaysia,2013,5
Switzerland,Malaysia,2013,2
United Kingdom,Malaysia,2013,57
United Kingdom,Maldives,2013,12
Austria,Mali,2013,11
Belgium,Mali,2013,17
Bulgaria,Mali,2013,1
Cyprus,Mali,2013,1
Denmark,Mali,2013,1
France,Mali,2013,3719
Germany,Mali,2013,21
Greece,Mali,2013,1
Hungary,Mali,2013,1
Ireland,Mali,2013,7
Italy,Mali,2013,3569
Malta,Mali,2013,7
Netherlands,Mali,2013,10
Norway,Mali,2013,6
Portugal,Mali,2013,1
Slovakia,Mali,2013,1
Spain,Mali,2013,1
Sweden,Mali,2013,17
Switzerland,Mali,2013,10
Ukraine,Mali,2013,2
United Kingdom,Mali,2013,15
Austria,Mauritania,2013,7
Belgium,Mauritania,2013,155
Finland,Mauritania,2013,5
France,Mauritania,2013,5101
Germany,Mauritania,2013,15
Greece,Mauritania,2013,8
Hungary,Mauritania,2013,1
Iceland,Mauritania,2013,2
Ireland,Mauritania,2013,4
Italy,Mauritania,2013,195
Luxembourg,Mauritania,2013,1
Netherlands,Mauritania,2013,11
Norway,Mauritania,2013,1
Portugal,Mauritania,2013,3
Romania,Mauritania,2013,1
Spain,Mauritania,2013,4
Sweden,Mauritania,2013,9
Switzerland,Mauritania,2013,2
Turkey,Mauritania,2013,5
United Kingdom,Mauritania,2013,11
Austria,Mauritius,2013,2
Belgium,Mauritius,2013,1
France,Mauritius,2013,6
Germany,Mauritius,2013,1
Ireland,Mauritius,2013,6
Italy,Mauritius,2013,2
Spain,Mauritius,2013,2
United Kingdom,Mauritius,2013,37
Austria,Mexico,2013,1
Belgium,Mexico,2013,1
France,Mexico,2013,10
Germany,Mexico,2013,28
Italy,Mexico,2013,4
Netherlands,Mexico,2013,3
Spain,Mexico,2013,8
Switzerland,Mexico,2013,1
United Kingdom,Mexico,2013,5
Austria,Mongolia,2013,183
Belgium,Mongolia,2013,3
Czechia,Mongolia,2013,2
Denmark,Mongolia,2013,1
Finland,Mongolia,2013,1
France,Mongolia,2013,350
Germany,Mongolia,2013,39
Ireland,Mongolia,2013,4
Italy,Mongolia,2013,7
Netherlands,Mongolia,2013,35
Norway,Mongolia,2013,5
Poland,Mongolia,2013,20
Sweden,Mongolia,2013,198
Switzerland,Mongolia,2013,62
United Kingdom,Mongolia,2013,87
Albania,Montenegro,2013,2
Austria,Montenegro,2013,13
Belgium,Montenegro,2013,1
Bosnia and Herzegovina,Montenegro,2013,1
France,Montenegro,2013,67
Germany,Montenegro,2013,218
Ireland,Montenegro,2013,6
Italy,Montenegro,2013,32
Luxembourg,Montenegro,2013,1
Norway,Montenegro,2013,4
Sweden,Montenegro,2013,56
Switzerland,Montenegro,2013,29
Austria,Morocco,2013,15
Belgium,Morocco,2013,27
Cyprus,Morocco,2013,1
Czechia,Morocco,2013,3
Denmark,Morocco,2013,7
Finland,Morocco,2013,11
France,Morocco,2013,197
Germany,Morocco,2013,144
Greece,Morocco,2013,11
Hungary,Morocco,2013,2
Ireland,Morocco,2013,6
Italy,Morocco,2013,205
Luxembourg,Morocco,2013,1
Malta,Morocco,2013,9
Montenegro,Morocco,2013,2
Netherlands,Morocco,2013,16
Norway,Morocco,2013,30
Poland,Morocco,2013,1
Romania,Morocco,2013,1
Spain,Morocco,2013,36
Sweden,Morocco,2013,98
Switzerland,Morocco,2013,34
Turkey,Morocco,2013,11
United Kingdom,Morocco,2013,107
Finland,Mozambique,2013,1
France,Mozambique,2013,12
Germany,Mozambique,2013,11
Ireland,Mozambique,2013,7
Italy,Mozambique,2013,1
Norway,Mozambique,2013,1
Spain,Mozambique,2013,1
Ukraine,Mozambique,2013,1
United Kingdom,Mozambique,2013,3
Austria,Myanmar,2013,26
Belgium,Myanmar,2013,18
Bosnia and Herzegovina,Myanmar,2013,1
Czechia,Myanmar,2013,153
Denmark,Myanmar,2013,60
Finland,Myanmar,2013,14
France,Myanmar,2013,254
Germany,Myanmar,2013,825
Greece,Myanmar,2013,6
Hungary,Myanmar,2013,2
Ireland,Myanmar,2013,5
Italy,Myanmar,2013,20
Malta,Myanmar,2013,1
Netherlands,Myanmar,2013,847
Norway,Myanmar,2013,154
Poland,Myanmar,2013,1
Portugal,Myanmar,2013,4
Romania,Myanmar,2013,35
Spain,Myanmar,2013,1
Sweden,Myanmar,2013,43
Switzerland,Myanmar,2013,45
United Kingdom,Myanmar,2013,858
Belgium,Namibia,2013,1
Germany,Namibia,2013,2
Italy,Namibia,2013,1
Netherlands,Namibia,2013,4
United Kingdom,Namibia,2013,7
Austria,Nepal,2013,41
Belgium,Nepal,2013,12
Bulgaria,Nepal,2013,2
Cyprus,Nepal,2013,1
Denmark,Nepal,2013,8
Finland,Nepal,2013,5
France,Nepal,2013,100
Germany,Nepal,2013,55
Hungary,Nepal,2013,7
Iceland,Nepal,2013,2
Ireland,Nepal,2013,1
Italy,Nepal,2013,25
Malta,Nepal,2013,1
Netherlands,Nepal,2013,430
Norway,Nepal,2013,14
Poland,Nepal,2013,9
Portugal,Nepal,2013,1
Spain,Nepal,2013,6
Sweden,Nepal,2013,25
Switzerland,Nepal,2013,9
Ukraine,Nepal,2013,2
United Kingdom,Nepal,2013,118
Belgium,Netherlands,2013,5
Germany,Netherlands,2013,9
Norway,Netherlands,2013,1
Sweden,Netherlands,2013,2
Germany,New Zealand,2013,10
Germany,Nicaragua,2013,2
Ireland,Nicaragua,2013,1
Italy,Nicaragua,2013,1
Spain,Nicaragua,2013,11
Sweden,Nicaragua,2013,5
United Kingdom,Nicaragua,2013,1
Austria,Niger,2013,1
Belgium,Niger,2013,45
Finland,Niger,2013,2
France,Niger,2013,52
Germany,Niger,2013,36
Ireland,Niger,2013,5
Italy,Niger,2013,219
Netherlands,Niger,2013,31
Norway,Niger,2013,4
Sweden,Niger,2013,3
Switzerland,Niger,2013,10
United Kingdom,Niger,2013,5
Austria,Nigeria,2013,346
Belgium,Nigeria,2013,23
Bulgaria,Nigeria,2013,8
Croatia,Nigeria,2013,1
Cyprus,Nigeria,2013,5
Czechia,Nigeria,2013,13
Denmark,Nigeria,2013,14
Finland,Nigeria,2013,115
France,Nigeria,2013,988
Germany,Nigeria,2013,720
Greece,Nigeria,2013,103
Hungary,Nigeria,2013,24
Ireland,Nigeria,2013,477
Italy,Nigeria,2013,4192
Latvia,Nigeria,2013,1
Lithuania,Nigeria,2013,4
Luxembourg,Nigeria,2013,4
Malta,Nigeria,2013,21
Netherlands,Nigeria,2013,225
Norway,Nigeria,2013,176
Poland,Nigeria,2013,18
Portugal,Nigeria,2013,18
Romania,Nigeria,2013,7
Slovakia,Nigeria,2013,1
Spain,Nigeria,2013,22
Sweden,Nigeria,2013,257
Switzerland,Nigeria,2013,113
Turkey,Nigeria,2013,3
Ukraine,Nigeria,2013,4
United Kingdom,Nigeria,2013,1244
Germany,Norway,2013,5
Netherlands,Norway,2013,1
Sweden,Norway,2013,3
Germany,Oman,2013,2
United Kingdom,Oman,2013,5
Austria,Pakistan,2013,131
Azerbaijan,Pakistan,2013,9
Belgium,Pakistan,2013,77
Bulgaria,Pakistan,2013,4
Cyprus,Pakistan,2013,17
Czechia,Pakistan,2013,20
Denmark,Pakistan,2013,46
Estonia,Pakistan,2013,2
Finland,Pakistan,2013,33
France,Pakistan,2013,683
Germany,Pakistan,2013,3387
Greece,Pakistan,2013,84
Hungary,Pakistan,2013,34
Ireland,Pakistan,2013,143
Italy,Pakistan,2013,3367
Latvia,Pakistan,2013,3
Lithuania,Pakistan,2013,4
Luxembourg,Pakistan,2013,1
Malta,Pakistan,2013,42
Netherlands,Pakistan,2013,313
Norway,Pakistan,2013,106
Poland,Pakistan,2013,24
Portugal,Pakistan,2013,10
Romania,Pakistan,2013,18
Russian Federation,Pakistan,2013,5
Slovakia,Pakistan,2013,3
Spain,Pakistan,2013,184
Sweden,Pakistan,2013,248
Switzerland,Pakistan,2013,99
Turkey,Pakistan,2013,26
Ukraine,Pakistan,2013,1
United Kingdom,Pakistan,2013,5297
Germany,Palau,2013,1
Germany,Panama,2013,1
Ireland,Panama,2013,1
Netherlands,Panama,2013,1
United Kingdom,Panama,2013,1
France,Paraguay,2013,5
Germany,Paraguay,2013,2
Italy,Paraguay,2013,1
Switzerland,Paraguay,2013,2
Albania,Peru,2013,1
Austria,Peru,2013,2
Belgium,Peru,2013,4
Denmark,Peru,2013,1
France,Peru,2013,292
Germany,Peru,2013,48
Italy,Peru,2013,29
Luxembourg,Peru,2013,3
Netherlands,Peru,2013,10
Portugal,Peru,2013,2
Spain,Peru,2013,3
Sweden,Peru,2013,35
Switzerland,Peru,2013,10
United Kingdom,Peru,2013,1
Austria,Philippines,2013,9
Cyprus,Philippines,2013,8
Germany,Philippines,2013,28
Greece,Philippines,2013,1
Ireland,Philippines,2013,1
Italy,Philippines,2013,1
Netherlands,Philippines,2013,15
Norway,Philippines,2013,8
Poland,Philippines,2013,1
Sweden,Philippines,2013,35
Switzerland,Philippines,2013,3
Turkey,Philippines,2013,1
United Kingdom,Philippines,2013,3
Belgium,Poland,2013,65
France,Poland,2013,160
Germany,Poland,2013,742
Ireland,Poland,2013,52
Norway,Poland,2013,1
Sweden,Poland,2013,3
Switzerland,Poland,2013,9
United Kingdom,Poland,2013,9
Germany,Portugal,2013,2
Russian Federation,Portugal,2013,1
Switzerland,Portugal,2013,5
United Kingdom,Portugal,2013,1
United Kingdom,Qatar,2013,2
Austria,Rep. of Korea,2013,2
Denmark,Rep. of Korea,2013,1
Germany,Rep. of Korea,2013,122
Netherlands,Rep. of Korea,2013,4
Norway,Rep. of Korea,2013,2
Sweden,Rep. of Korea,2013,9
United Kingdom,Rep. of Korea,2013,7
Austria,Rep. of Moldova,2013,147
Belgium,Rep. of Moldova,2013,3
Bosnia and Herzegovina,Rep. of Moldova,2013,3
Croatia,Rep. of Moldova,2013,2
Cyprus,Rep. of Moldova,2013,18
Czechia,Rep. of Moldova,2013,21
Finland,Rep. of Moldova,2013,9
France,Rep. of Moldova,2013,380
Germany,Rep. of Moldova,2013,31
Hungary,Rep. of Moldova,2013,3
Iceland,Rep. of Moldova,2013,1
Ireland,Rep. of Moldova,2013,126
Italy,Rep. of Moldova,2013,111
Luxembourg,Rep. of Moldova,2013,2
Netherlands,Rep. of Moldova,2013,5
Norway,Rep. of Moldova,2013,6
Poland,Rep. of Moldova,2013,3
Russian Federation,Rep. of Moldova,2013,8
Spain,Rep. of Moldova,2013,3
Sweden,Rep. of Moldova,2013,8
Switzerland,Rep. of Moldova,2013,14
United Kingdom,Rep. of Moldova,2013,75
Austria,Romania,2013,36
Belgium,Romania,2013,25
Czechia,Romania,2013,121
Denmark,Romania,2013,3
Finland,Romania,2013,1
France,Romania,2013,167
Germany,Romania,2013,182
Hungary,Romania,2013,27
Ireland,Romania,2013,347
Italy,Romania,2013,37
Netherlands,Romania,2013,10
Norway,Romania,2013,7
Spain,Romania,2013,4
Sweden,Romania,2013,49
Switzerland,Romania,2013,25
United Kingdom,Romania,2013,160
Armenia,Russian Federation,2013,1
Austria,Russian Federation,2013,19577
Azerbaijan,Russian Federation,2013,657
Belgium,Russian Federation,2013,2177
Bulgaria,Russian Federation,2013,3
Croatia,Russian Federation,2013,10
Cyprus,Russian Federation,2013,59
Czechia,Russian Federation,2013,433
Denmark,Russian Federation,2013,1023
Estonia,Russian Federation,2013,13
Finland,Russian Federation,2013,672
France,Russian Federation,2013,12795
Georgia,Russian Federation,2013,271
Germany,Russian Federation,2013,4358
Greece,Russian Federation,2013,14
Hungary,Russian Federation,2013,24
Iceland,Russian Federation,2013,4
Ireland,Russian Federation,2013,188
Italy,Russian Federation,2013,148
Latvia,Russian Federation,2013,14
Lithuania,Russian Federation,2013,585
Luxembourg,Russian Federation,2013,32
Netherlands,Russian Federation,2013,765
Norway,Russian Federation,2013,3334
Poland,Russian Federation,2013,15149
Portugal,Russian Federation,2013,18
Romania,Russian Federation,2013,2
Slovakia,Russian Federation,2013,6
Spain,Russian Federation,2013,204
Sweden,Russian Federation,2013,1941
Switzerland,Russian Federation,2013,601
Turkey,Russian Federation,2013,5
Ukraine,Russian Federation,2013,103
United Kingdom,Russian Federation,2013,817
Austria,Rwanda,2013,28
Belarus,Rwanda,2013,1
Belgium,Rwanda,2013,798
Bulgaria,Rwanda,2013,1
Czechia,Rwanda,2013,1
Denmark,Rwanda,2013,28
Finland,Rwanda,2013,25
France,Rwanda,2013,2840
Germany,Rwanda,2013,170
Greece,Rwanda,2013,7
Ireland,Rwanda,2013,70
Italy,Rwanda,2013,19
Luxembourg,Rwanda,2013,17
Netherlands,Rwanda,2013,308
Norway,Rwanda,2013,157
Poland,Rwanda,2013,1
Portugal,Rwanda,2013,3
Romania,Rwanda,2013,8
Spain,Rwanda,2013,14
Sweden,Rwanda,2013,43
Switzerland,Rwanda,2013,168
Turkey,Rwanda,2013,1
Ukraine,Rwanda,2013,4
United Kingdom,Rwanda,2013,216
United Kingdom,Saint Lucia,2013,4
United Kingdom,Saint Vincent and the Grenadines,2013,6
Bosnia and Herzegovina,Saudi Arabia,2013,1
Czechia,Saudi Arabia,2013,3
Denmark,Saudi Arabia,2013,1
Germany,Saudi Arabia,2013,11
Ireland,Saudi Arabia,2013,2
Italy,Saudi Arabia,2013,4
Malta,Saudi Arabia,2013,1
Netherlands,Saudi Arabia,2013,24
Portugal,Saudi Arabia,2013,1
Sweden,Saudi Arabia,2013,13
Switzerland,Saudi Arabia,2013,3
Turkey,Saudi Arabia,2013,5
Ukraine,Saudi Arabia,2013,1
United Kingdom,Saudi Arabia,2013,46
Austria,Senegal,2013,7
Belgium,Senegal,2013,293
Czechia,Senegal,2013,1
Finland,Senegal,2013,3
France,Senegal,2013,629
Germany,Senegal,2013,31
Greece,Senegal,2013,12
Hungary,Senegal,2013,1
Iceland,Senegal,2013,2
Ireland,Senegal,2013,1
Italy,Senegal,2013,606
Netherlands,Senegal,2013,22
Norway,Senegal,2013,2
Poland,Senegal,2013,6
Portugal,Senegal,2013,6
Slovakia,Senegal,2013,1
Spain,Senegal,2013,4
Sweden,Senegal,2013,16
Switzerland,Senegal,2013,11
Turkey,Senegal,2013,1
United Kingdom,Senegal,2013,52
Albania,Serbia (and Kosovo: S/RES/1244 (1999)),2013,54
Austria,Serbia (and Kosovo: S/RES/1244 (1999)),2013,3075
Belgium,Serbia (and Kosovo: S/RES/1244 (1999)),2013,822
Bosnia and Herzegovina,Serbia (and Kosovo: S/RES/1244 (1999)),2013,147
Croatia,Serbia (and Kosovo: S/RES/1244 (1999)),2013,200
Cyprus,Serbia (and Kosovo: S/RES/1244 (1999)),2013,59
Czechia,Serbia (and Kosovo: S/RES/1244 (1999)),2013,56
Denmark,Serbia (and Kosovo: S/RES/1244 (1999)),2013,765
Finland,Serbia (and Kosovo: S/RES/1244 (1999)),2013,276
France,Serbia (and Kosovo: S/RES/1244 (1999)),2013,11738
Germany,Serbia (and Kosovo: S/RES/1244 (1999)),2013,8410
Greece,Serbia (and Kosovo: S/RES/1244 (1999)),2013,4
Hungary,Serbia (and Kosovo: S/RES/1244 (1999)),2013,76
Iceland,Serbia (and Kosovo: S/RES/1244 (1999)),2013,3
Ireland,Serbia (and Kosovo: S/RES/1244 (1999)),2013,214
Italy,Serbia (and Kosovo: S/RES/1244 (1999)),2013,2673
Liechtenstein,Serbia (and Kosovo: S/RES/1244 (1999)),2013,36
Luxembourg,Serbia (and Kosovo: S/RES/1244 (1999)),2013,260
Malta,Serbia (and Kosovo: S/RES/1244 (1999)),2013,1
Montenegro,Serbia (and Kosovo: S/RES/1244 (1999)),2013,6967
Netherlands,Serbia (and Kosovo: S/RES/1244 (1999)),2013,405
Norway,Serbia (and Kosovo: S/RES/1244 (1999)),2013,848
Poland,Serbia (and Kosovo: S/RES/1244 (1999)),2013,3
Portugal,Serbia (and Kosovo: S/RES/1244 (1999)),2013,2
Romania,Serbia (and Kosovo: S/RES/1244 (1999)),2013,4
Russian Federation,Serbia (and Kosovo: S/RES/1244 (1999)),2013,3
Slovakia,Serbia (and Kosovo: S/RES/1244 (1999)),2013,8
Spain,Serbia (and Kosovo: S/RES/1244 (1999)),2013,12
Sweden,Serbia (and Kosovo: S/RES/1244 (1999)),2013,3608
Switzerland,Serbia (and Kosovo: S/RES/1244 (1999)),2013,3542
Ukraine,Serbia (and Kosovo: S/RES/1244 (1999)),2013,5
United Kingdom,Serbia (and Kosovo: S/RES/1244 (1999)),2013,963
Germany,Seychelles,2013,1
United Kingdom,Seychelles,2013,1
Austria,Sierra Leone,2013,32
Belgium,Sierra Leone,2013,29
Cyprus,Sierra Leone,2013,20
Czechia,Sierra Leone,2013,5
Denmark,Sierra Leone,2013,1
Finland,Sierra Leone,2013,16
France,Sierra Leone,2013,457
Germany,Sierra Leone,2013,323
Greece,Sierra Leone,2013,5
Hungary,Sierra Leone,2013,2
Ireland,Sierra Leone,2013,56
Italy,Sierra Leone,2013,304
Luxembourg,Sierra Leone,2013,1
Netherlands,Sierra Leone,2013,863
Norway,Sierra Leone,2013,18
Poland,Sierra Leone,2013,1
Portugal,Sierra Leone,2013,9
Romania,Sierra Leone,2013,3
Spain,Sierra Leone,2013,19
Sweden,Sierra Leone,2013,55
Switzerland,Sierra Leone,2013,34
Turkey,Sierra Leone,2013,3
Ukraine,Sierra Leone,2013,5
United Kingdom,Sierra Leone,2013,457
Germany,Singapore,2013,7
Norway,Singapore,2013,1
Sweden,Singapore,2013,2
United Kingdom,Singapore,2013,1
Austria,Slovakia,2013,2
Belgium,Slovakia,2013,1
France,Slovakia,2013,125
Germany,Slovakia,2013,99
Ireland,Slovakia,2013,27
Netherlands,Slovakia,2013,3
Sweden,Slovakia,2013,8
Switzerland,Slovakia,2013,1
Germany,Slovenia,2013,11
Austria,Somalia,2013,2278
Belgium,Somalia,2013,559
Bulgaria,Somalia,2013,86
Croatia,Somalia,2013,5
Cyprus,Somalia,2013,11
Czechia,Somalia,2013,29
Denmark,Somalia,2013,798
Estonia,Somalia,2013,4
Finland,Somalia,2013,2744
France,Somalia,2013,1674
Germany,Somalia,2013,3512
Greece,Somalia,2013,82
Hungary,Somalia,2013,446
Iceland,Somalia,2013,5
Ireland,Somalia,2013,559
Italy,Somalia,2013,10846
Kazakhstan,Somalia,2013,1
Latvia,Somalia,2013,7
Liechtenstein,Somalia,2013,26
Lithuania,Somalia,2013,22
Luxembourg,Somalia,2013,20
Malta,Somalia,2013,5543
Netherlands,Somalia,2013,18799
Norway,Somalia,2013,9275
Poland,Somalia,2013,54
Portugal,Somalia,2013,44
Romania,Somalia,2013,18
Serbia (and Kosovo: S/RES/1244 (1999)),Somalia,2013,1
Slovakia,Somalia,2013,168
Spain,Somalia,2013,284
Sweden,Somalia,2013,20613
Switzerland,Somalia,2013,4101
Turkey,Somalia,2013,2153
Ukraine,Somalia,2013,116
United Kingdom,Somalia,2013,11249
Austria,South Africa,2013,5
Belgium,South Africa,2013,2
Czechia,South Africa,2013,3
France,South Africa,2013,23
Germany,South Africa,2013,32
Ireland,South Africa,2013,44
Italy,South Africa,2013,2
Netherlands,South Africa,2013,3
Sweden,South Africa,2013,1
Switzerland,South Africa,2013,3
United Kingdom,South Africa,2013,125
Austria,South Sudan,2013,3
Finland,South Sudan,2013,1
Germany,South Sudan,2013,7
Italy,South Sudan,2013,55
Norway,South Sudan,2013,2
Belgium,Spain,2013,1
Germany,Spain,2013,12
Netherlands,Spain,2013,1
Sweden,Spain,2013,1
Switzerland,Spain,2013,3
Austria,Sri Lanka,2013,32
Belarus,Sri Lanka,2013,1
Belgium,Sri Lanka,2013,313
Bosnia and Herzegovina,Sri Lanka,2013,1
Bulgaria,Sri Lanka,2013,2
Cyprus,Sri Lanka,2013,22
Czechia,Sri Lanka,2013,14
Denmark,Sri Lanka,2013,78
Estonia,Sri Lanka,2013,7
Finland,Sri Lanka,2013,99
France,Sri Lanka,2013,23762
Germany,Sri Lanka,2013,4077
Greece,Sri Lanka,2013,21
Hungary,Sri Lanka,2013,17
Iceland,Sri Lanka,2013,4
Ireland,Sri Lanka,2013,21
Italy,Sri Lanka,2013,631
Latvia,Sri Lanka,2013,2
Lithuania,Sri Lanka,2013,7
Malta,Sri Lanka,2013,7
Netherlands,Sri Lanka,2013,727
Norway,Sri Lanka,2013,340
Poland,Sri Lanka,2013,53
Portugal,Sri Lanka,2013,27
Romania,Sri Lanka,2013,2
Russian Federation,Sri Lanka,2013,1
Spain,Sri Lanka,2013,85
Sweden,Sri Lanka,2013,47
Switzerland,Sri Lanka,2013,3065
Turkey,Sri Lanka,2013,15
Ukraine,Sri Lanka,2013,9
United Kingdom,Sri Lanka,2013,4398
Albania,State of Palestine,2013,4
Armenia,State of Palestine,2013,5
Azerbaijan,State of Palestine,2013,8
Belarus,State of Palestine,2013,5
Belgium,State of Palestine,2013,125
Bosnia and Herzegovina,State of Palestine,2013,5
Cyprus,State of Palestine,2013,1723
Czechia,State of Palestine,2013,2
Denmark,State of Palestine,2013,199
Estonia,State of Palestine,2013,1
France,State of Palestine,2013,314
Germany,State of Palestine,2013,32
Greece,State of Palestine,2013,19
Hungary,State of Palestine,2013,48
Ireland,State of Palestine,2013,82
Italy,State of Palestine,2013,501
Kazakhstan,State of Palestine,2013,1
Latvia,State of Palestine,2013,5
Malta,State of Palestine,2013,19
Netherlands,State of Palestine,2013,113
Poland,State of Palestine,2013,14
Portugal,State of Palestine,2013,4
Romania,State of Palestine,2013,30
Russian Federation,State of Palestine,2013,5
Slovakia,State of Palestine,2013,8
Spain,State of Palestine,2013,372
Switzerland,State of Palestine,2013,24
Turkey,State of Palestine,2013,588
Ukraine,State of Palestine,2013,36
United Kingdom,State of Palestine,2013,322
Austria,Stateless,2013,658
Belgium,Stateless,2013,16
Bulgaria,Stateless,2013,404
Cyprus,Stateless,2013,1
Czechia,Stateless,2013,144
Denmark,Stateless,2013,515
Estonia,Stateless,2013,1
Finland,Stateless,2013,116
Germany,Stateless,2013,920
Hungary,Stateless,2013,45
Ireland,Stateless,2013,8
Italy,Stateless,2013,19
Lithuania,Stateless,2013,7
Luxembourg,Stateless,2013,1
Netherlands,Stateless,2013,755
Norway,Stateless,2013,2356
Poland,Stateless,2013,45
Romania,Stateless,2013,52
Slovakia,Stateless,2013,8
Spain,Stateless,2013,108
Sweden,Stateless,2013,8570
Switzerland,Stateless,2013,142
Turkey,Stateless,2013,15
Ukraine,Stateless,2013,34
United Kingdom,Stateless,2013,847
Austria,Sudan,2013,265
Belgium,Sudan,2013,129
Bulgaria,Sudan,2013,24
Croatia,Sudan,2013,2
Cyprus,Sudan,2013,5
Czechia,Sudan,2013,20
Denmark,Sudan,2013,65
Estonia,Sudan,2013,1
Finland,Sudan,2013,15
France,Sudan,2013,2430
Germany,Sudan,2013,296
Greece,Sudan,2013,98
Hungary,Sudan,2013,32
Iceland,Sudan,2013,1
Ireland,Sudan,2013,186
Italy,Sudan,2013,2574
Latvia,Sudan,2013,1
Malta,Sudan,2013,294
Netherlands,Sudan,2013,1160
Norway,Sudan,2013,1133
Poland,Sudan,2013,6
Portugal,Sudan,2013,3
Romania,Sudan,2013,24
Russian Federation,Sudan,2013,3
Slovakia,Sudan,2013,1
Spain,Sudan,2013,44
Sweden,Sudan,2013,379
Switzerland,Sudan,2013,167
Turkey,Sudan,2013,174
Ukraine,Sudan,2013,53
United Kingdom,Sudan,2013,3802
Greece,Swaziland,2013,1
Ireland,Swaziland,2013,8
Italy,Swaziland,2013,1
Netherlands,Swaziland,2013,1
Sweden,Swaziland,2013,1
United Kingdom,Swaziland,2013,19
Germany,Sweden,2013,3
Netherlands,Sweden,2013,1
Belgium,Switzerland,2013,1
Netherlands,Switzerland,2013,1
Armenia,Syrian Arab Rep.,2013,490
Austria,Syrian Arab Rep.,2013,2748
Azerbaijan,Syrian Arab Rep.,2013,9
Belarus,Syrian Arab Rep.,2013,35
Belgium,Syrian Arab Rep.,2013,1987
Bosnia and Herzegovina,Syrian Arab Rep.,2013,48
Bulgaria,Syrian Arab Rep.,2013,2104
Croatia,Syrian Arab Rep.,2013,22
Cyprus,Syrian Arab Rep.,2013,316
Czechia,Syrian Arab Rep.,2013,149
Denmark,Syrian Arab Rep.,2013,3271
Estonia,Syrian Arab Rep.,2013,2
Finland,Syrian Arab Rep.,2013,352
France,Syrian Arab Rep.,2013,1474
Georgia,Syrian Arab Rep.,2013,25
Germany,Syrian Arab Rep.,2013,21253
Greece,Syrian Arab Rep.,2013,195
Hungary,Syrian Arab Rep.,2013,141
Iceland,Syrian Arab Rep.,2013,7
Ireland,Syrian Arab Rep.,2013,71
Italy,Syrian Arab Rep.,2013,840
Kazakhstan,Syrian Arab Rep.,2013,7
Latvia,Syrian Arab Rep.,2013,33
Lithuania,Syrian Arab Rep.,2013,18
Luxembourg,Syrian Arab Rep.,2013,5
Malta,Syrian Arab Rep.,2013,776
Netherlands,Syrian Arab Rep.,2013,3404
Norway,Syrian Arab Rep.,2013,1311
Poland,Syrian Arab Rep.,2013,108
Portugal,Syrian Arab Rep.,2013,14
Romania,Syrian Arab Rep.,2013,932
Russian Federation,Syrian Arab Rep.,2013,1163
Serbia (and Kosovo: S/RES/1244 (1999)),Syrian Arab Rep.,2013,3
Slovakia,Syrian Arab Rep.,2013,26
Spain,Syrian Arab Rep.,2013,180
Sweden,Syrian Arab Rep.,2013,17984
Switzerland,Syrian Arab Rep.,2013,2012
Turkey,Syrian Arab Rep.,2013,585601
Ukraine,Syrian Arab Rep.,2013,167
United Kingdom,Syrian Arab Rep.,2013,3169
Austria,Tajikistan,2013,70
Belarus,Tajikistan,2013,12
Belgium,Tajikistan,2013,5
Cyprus,Tajikistan,2013,1
Czechia,Tajikistan,2013,1
Denmark,Tajikistan,2013,4
Estonia,Tajikistan,2013,1
Finland,Tajikistan,2013,11
France,Tajikistan,2013,28
Georgia,Tajikistan,2013,3
Germany,Tajikistan,2013,73
Ireland,Tajikistan,2013,12
Italy,Tajikistan,2013,1
Lithuania,Tajikistan,2013,2
Luxembourg,Tajikistan,2013,1
Netherlands,Tajikistan,2013,63
Norway,Tajikistan,2013,16
Russian Federation,Tajikistan,2013,17
Sweden,Tajikistan,2013,44
Switzerland,Tajikistan,2013,4
Turkey,Tajikistan,2013,12
Ukraine,Tajikistan,2013,9
United Kingdom,Tajikistan,2013,3
Germany,Thailand,2013,58
Ireland,Thailand,2013,2
Norway,Thailand,2013,31
Sweden,Thailand,2013,13
United Kingdom,Thailand,2013,26
Austria,The former Yugoslav Rep. of Macedonia,2013,161
Bosnia and Herzegovina,The former Yugoslav Rep. of Macedonia,2013,4
Cyprus,The former Yugoslav Rep. of Macedonia,2013,2
Czechia,The former Yugoslav Rep. of Macedonia,2013,1
Denmark,The former Yugoslav Rep. of Macedonia,2013,13
Finland,The former Yugoslav Rep. of Macedonia,2013,6
France,The former Yugoslav Rep. of Macedonia,2013,316
Germany,The former Yugoslav Rep. of Macedonia,2013,341
Iceland,The former Yugoslav Rep. of Macedonia,2013,4
Ireland,The former Yugoslav Rep. of Macedonia,2013,3
Italy,The former Yugoslav Rep. of Macedonia,2013,198
Netherlands,The former Yugoslav Rep. of Macedonia,2013,2
Poland,The former Yugoslav Rep. of Macedonia,2013,1
Portugal,The former Yugoslav Rep. of Macedonia,2013,2
Sweden,The former Yugoslav Rep. of Macedonia,2013,107
Switzerland,The former Yugoslav Rep. of Macedonia,2013,153
United Kingdom,The former Yugoslav Rep. of Macedonia,2013,27
Italy,Timor-Leste,2013,2
Austria,Togo,2013,26
Belgium,Togo,2013,143
Czechia,Togo,2013,3
Finland,Togo,2013,6
France,Togo,2013,731
Germany,Togo,2013,1404
Greece,Togo,2013,1
Hungary,Togo,2013,2
Ireland,Togo,2013,36
Italy,Togo,2013,1515
Lithuania,Togo,2013,1
Luxembourg,Togo,2013,4
Malta,Togo,2013,2
Netherlands,Togo,2013,139
Norway,Togo,2013,13
Poland,Togo,2013,3
Portugal,Togo,2013,2
Spain,Togo,2013,15
Sweden,Togo,2013,17
Switzerland,Togo,2013,703
Turkey,Togo,2013,3
Ukraine,Togo,2013,2
United Kingdom,Togo,2013,38
Ukraine,Tonga,2013,1
Netherlands,Trinidad and Tobago,2013,6
United Kingdom,Trinidad and Tobago,2013,23
Austria,Tunisia,2013,8
Belgium,Tunisia,2013,5
Bulgaria,Tunisia,2013,5
Czechia,Tunisia,2013,1
Denmark,Tunisia,2013,1
Finland,Tunisia,2013,1
France,Tunisia,2013,199
Germany,Tunisia,2013,94
Greece,Tunisia,2013,3
Hungary,Tunisia,2013,6
Ireland,Tunisia,2013,3
Italy,Tunisia,2013,289
Luxembourg,Tunisia,2013,3
Malta,Tunisia,2013,4
Netherlands,Tunisia,2013,38
Norway,Tunisia,2013,3
Poland,Tunisia,2013,2
Spain,Tunisia,2013,5
Sweden,Tunisia,2013,44
Switzerland,Tunisia,2013,333
Turkey,Tunisia,2013,8
United Kingdom,Tunisia,2013,34
Albania,Turkey,2013,4
Armenia,Turkey,2013,2
Austria,Turkey,2013,1276
Belgium,Turkey,2013,472
Bulgaria,Turkey,2013,18
Croatia,Turkey,2013,6
Cyprus,Turkey,2013,162
Czechia,Turkey,2013,18
Denmark,Turkey,2013,15
Estonia,Turkey,2013,2
Finland,Turkey,2013,180
France,Turkey,2013,10867
Georgia,Turkey,2013,1
Germany,Turkey,2013,24449
Greece,Turkey,2013,91
Hungary,Turkey,2013,35
Ireland,Turkey,2013,15
Italy,Turkey,2013,1988
Latvia,Turkey,2013,1
Luxembourg,Turkey,2013,6
Malta,Turkey,2013,1
Netherlands,Turkey,2013,468
Norway,Turkey,2013,125
Poland,Turkey,2013,41
Portugal,Turkey,2013,3
Romania,Turkey,2013,24
Serbia (and Kosovo: S/RES/1244 (1999)),Turkey,2013,2
Slovakia,Turkey,2013,3
Spain,Turkey,2013,8
Sweden,Turkey,2013,451
Switzerland,Turkey,2013,3638
Ukraine,Turkey,2013,11
United Kingdom,Turkey,2013,2348
Austria,Turkmenistan,2013,8
Belgium,Turkmenistan,2013,1
Czechia,Turkmenistan,2013,5
Estonia,Turkmenistan,2013,2
Finland,Turkmenistan,2013,2
France,Turkmenistan,2013,11
Germany,Turkmenistan,2013,21
Italy,Turkmenistan,2013,2
Luxembourg,Turkmenistan,2013,5
Malta,Turkmenistan,2013,2
Netherlands,Turkmenistan,2013,20
Norway,Turkmenistan,2013,7
Poland,Turkmenistan,2013,5
Russian Federation,Turkmenistan,2013,6
Sweden,Turkmenistan,2013,55
Switzerland,Turkmenistan,2013,9
Turkey,Turkmenistan,2013,1
Ukraine,Turkmenistan,2013,10
United Kingdom,Turkmenistan,2013,35
Netherlands,Tuvalu,2013,1
United Kingdom,Tuvalu,2013,1
Austria,Uganda,2013,18
Belgium,Uganda,2013,18
Bulgaria,Uganda,2013,1
Czechia,Uganda,2013,4
Denmark,Uganda,2013,27
Estonia,Uganda,2013,1
Finland,Uganda,2013,9
France,Uganda,2013,70
Germany,Uganda,2013,120
Greece,Uganda,2013,6
Hungary,Uganda,2013,3
Ireland,Uganda,2013,34
Italy,Uganda,2013,35
Netherlands,Uganda,2013,338
Norway,Uganda,2013,82
Poland,Uganda,2013,4
Portugal,Uganda,2013,3
Sweden,Uganda,2013,406
Switzerland,Uganda,2013,31
Turkey,Uganda,2013,7
Ukraine,Uganda,2013,1
United Kingdom,Uganda,2013,980
Austria,Ukraine,2013,311
Belgium,Ukraine,2013,33
Croatia,Ukraine,2013,5
Cyprus,Ukraine,2013,28
Czechia,Ukraine,2013,110
Denmark,Ukraine,2013,16
Finland,Ukraine,2013,4
France,Ukraine,2013,732
Germany,Ukraine,2013,261
Greece,Ukraine,2013,6
Hungary,Ukraine,2013,9
Iceland,Ukraine,2013,1
Ireland,Ukraine,2013,104
Italy,Ukraine,2013,77
Latvia,Ukraine,2013,1
Lithuania,Ukraine,2013,6
Luxembourg,Ukraine,2013,5
Netherlands,Ukraine,2013,63
Norway,Ukraine,2013,9
Poland,Ukraine,2013,39
Russian Federation,Ukraine,2013,5
Slovakia,Ukraine,2013,17
Spain,Ukraine,2013,6
Sweden,Ukraine,2013,107
Switzerland,Ukraine,2013,19
United Kingdom,Ukraine,2013,124
Azerbaijan,United Arab Emirates,2013,1
Bulgaria,United Arab Emirates,2013,1
Germany,United Arab Emirates,2013,1
Norway,United Arab Emirates,2013,1
Turkey,United Arab Emirates,2013,1
United Kingdom,United Arab Emirates,2013,7
Germany,United Kingdom,2013,8
Netherlands,United Kingdom,2013,1
Sweden,United Kingdom,2013,6
Austria,United Rep. of Tanzania,2013,2
Belgium,United Rep. of Tanzania,2013,55
Bulgaria,United Rep. of Tanzania,2013,1
Denmark,United Rep. of Tanzania,2013,1
Finland,United Rep. of Tanzania,2013,5
Germany,United Rep. of Tanzania,2013,18
Greece,United Rep. of Tanzania,2013,4
Ireland,United Rep. of Tanzania,2013,9
Italy,United Rep. of Tanzania,2013,8
Netherlands,United Rep. of Tanzania,2013,4
Norway,United Rep. of Tanzania,2013,3
Sweden,United Rep. of Tanzania,2013,22
Switzerland,United Rep. of Tanzania,2013,14
United Kingdom,United Rep. of Tanzania,2013,57
Austria,United States,2013,1
Belgium,United States,2013,3
Germany,United States,2013,238
Hungary,United States,2013,1
Netherlands,United States,2013,1
Norway,United States,2013,3
Poland,United States,2013,2
Russian Federation,United States,2013,6
Sweden,United States,2013,14
Switzerland,United States,2013,1
United Kingdom,United States,2013,17
Germany,Uruguay,2013,2
Italy,Uruguay,2013,3
Luxembourg,Uruguay,2013,1
Albania,Uzbekistan,2013,3
Austria,Uzbekistan,2013,142
Belgium,Uzbekistan,2013,23
Croatia,Uzbekistan,2013,3
Cyprus,Uzbekistan,2013,4
Czechia,Uzbekistan,2013,96
Denmark,Uzbekistan,2013,10
Finland,Uzbekistan,2013,14
France,Uzbekistan,2013,217
Germany,Uzbekistan,2013,88
Greece,Uzbekistan,2013,22
Hungary,Uzbekistan,2013,6
Iceland,Uzbekistan,2013,1
Ireland,Uzbekistan,2013,26
Italy,Uzbekistan,2013,6
Kazakhstan,Uzbekistan,2013,20
Latvia,Uzbekistan,2013,11
Lithuania,Uzbekistan,2013,15
Luxembourg,Uzbekistan,2013,1
Netherlands,Uzbekistan,2013,175
Norway,Uzbekistan,2013,155
Poland,Uzbekistan,2013,12
Portugal,Uzbekistan,2013,3
Russian Federation,Uzbekistan,2013,106
Spain,Uzbekistan,2013,9
Sweden,Uzbekistan,2013,1504
Switzerland,Uzbekistan,2013,54
Turkey,Uzbekistan,2013,57
Ukraine,Uzbekistan,2013,72
United Kingdom,Uzbekistan,2013,57
Austria,Various,2013,321
Belgium,Various,2013,2435
Croatia,Various,2013,2
Denmark,Various,2013,395
Finland,Various,2013,114
France,Various,2013,47676
Germany,Various,2013,4523
Greece,Various,2013,132
Hungary,Various,2013,128
Iceland,Various,2013,1
Italy,Various,2013,857
Luxembourg,Various,2013,3
Malta,Various,2013,615
Monaco,Various,2013,34
Netherlands,Various,2013,3558
Norway,Various,2013,59
Poland,Various,2013,1
Portugal,Various,2013,24
Russian Federation,Various,2013,33
Slovakia,Various,2013,1
Spain,Various,2013,86
Sweden,Various,2013,848
Switzerland,Various,2013,625
United Kingdom,Various,2013,25617
Finland,Venezuela (Bolivarian Republic of),2013,5
France,Venezuela (Bolivarian Republic of),2013,8
Germany,Venezuela (Bolivarian Republic of),2013,4
Italy,Venezuela (Bolivarian Republic of),2013,4
Spain,Venezuela (Bolivarian Republic of),2013,45
Sweden,Venezuela (Bolivarian Republic of),2013,3
Switzerland,Venezuela (Bolivarian Republic of),2013,3
United Kingdom,Venezuela (Bolivarian Republic of),2013,17
Austria,Viet Nam,2013,38
Belgium,Viet Nam,2013,15
Cyprus,Viet Nam,2013,1
Czechia,Viet Nam,2013,67
Denmark,Viet Nam,2013,6
Finland,Viet Nam,2013,3
France,Viet Nam,2013,8528
Germany,Viet Nam,2013,1495
Greece,Viet Nam,2013,4
Hungary,Viet Nam,2013,1
Ireland,Viet Nam,2013,5
Italy,Viet Nam,2013,9
Lithuania,Viet Nam,2013,1
Luxembourg,Viet Nam,2013,1
Netherlands,Viet Nam,2013,28
Norway,Viet Nam,2013,16
Poland,Viet Nam,2013,17
Slovakia,Viet Nam,2013,1
Spain,Viet Nam,2013,4
Sweden,Viet Nam,2013,82
Switzerland,Viet Nam,2013,1255
Ukraine,Viet Nam,2013,2
United Kingdom,Viet Nam,2013,710
France,Western Sahara,2013,91
Hungary,Western Sahara,2013,1
Norway,Western Sahara,2013,1
Spain,Western Sahara,2013,9
Switzerland,Western Sahara,2013,5
United Kingdom,Western Sahara,2013,10
Austria,Yemen,2013,14
Belgium,Yemen,2013,6
Cyprus,Yemen,2013,3
Denmark,Yemen,2013,2
Finland,Yemen,2013,5
France,Yemen,2013,20
Germany,Yemen,2013,112
Hungary,Yemen,2013,2
Ireland,Yemen,2013,4
Italy,Yemen,2013,19
Lithuania,Yemen,2013,1
Montenegro,Yemen,2013,1
Netherlands,Yemen,2013,56
Norway,Yemen,2013,127
Portugal,Yemen,2013,1
Romania,Yemen,2013,1
Slovakia,Yemen,2013,1
Spain,Yemen,2013,5
Sweden,Yemen,2013,499
Switzerland,Yemen,2013,252
Turkey,Yemen,2013,34
United Kingdom,Yemen,2013,224
Denmark,Zambia,2013,1
Germany,Zambia,2013,5
Ireland,Zambia,2013,5
Netherlands,Zambia,2013,4
Norway,Zambia,2013,2
Sweden,Zambia,2013,3
United Kingdom,Zambia,2013,44
Austria,Zimbabwe,2013,23
Belgium,Zimbabwe,2013,5
Bulgaria,Zimbabwe,2013,2
Croatia,Zimbabwe,2013,1
Denmark,Zimbabwe,2013,9
Finland,Zimbabwe,2013,2
France,Zimbabwe,2013,37
Germany,Zimbabwe,2013,48
Greece,Zimbabwe,2013,2
Hungary,Zimbabwe,2013,4
Ireland,Zimbabwe,2013,171
Italy,Zimbabwe,2013,25
Lithuania,Zimbabwe,2013,1
Netherlands,Zimbabwe,2013,39
Norway,Zimbabwe,2013,26
Poland,Zimbabwe,2013,3
Portugal,Zimbabwe,2013,1
Spain,Zimbabwe,2013,2
Sweden,Zimbabwe,2013,40
Switzerland,Zimbabwe,2013,14
Ukraine,Zimbabwe,2013,1
United Kingdom,Zimbabwe,2013,10302